Index,demand
0,0.090767774072159
1,0.0898848048932868
2,0.0070368435076525
3,0.0790872273785951
4,0.0546359836658569
